Image,target
508.jpg,kuchipudi
246.jpg,mohiniyattam
473.jpg,kuchipudi
485.jpg,kathakali
128.jpg,bharatanatyam
410.jpg,kuchipudi
465.jpg,bharatanatyam
196.jpg,kathakali
340.jpg,kathakali
467.jpg,odissi
306.jpg,kuchipudi
171.jpg,kathakali
323.jpg,kathakali
332.jpg,kathakali
330.jpg,kuchipudi
170.jpg,bharatanatyam
479.jpg,odissi
9.jpg,kathak
283.jpg,mohiniyattam
114.jpg,kuchipudi
507.jpg,kathakali
183.jpg,kathakali
200.jpg,kathakali
457.jpg,odissi
264.jpg,bharatanatyam
194.jpg,kathakali
518.jpg,kuchipudi
175.jpg,kathakali
64.jpg,kathak
152.jpg,kathakali
270.jpg,mohiniyattam
125.jpg,bharatanatyam
38.jpg,bharatanatyam
440.jpg,kuchipudi
302.jpg,mohiniyattam
394.jpg,kathakali
448.jpg,kuchipudi
463.jpg,kuchipudi
20.jpg,bharatanatyam
301.jpg,odissi
28.jpg,kathak
61.jpg,odissi
398.jpg,bharatanatyam
349.jpg,kathakali
271.jpg,mohiniyattam
286.jpg,bharatanatyam
431.jpg,bharatanatyam
316.jpg,bharatanatyam
224.jpg,kathakali
411.jpg,bharatanatyam
278.jpg,mohiniyattam
456.jpg,odissi
45.jpg,kuchipudi
324.jpg,kathakali
6.jpg,kathakali
59.jpg,sattriya
86.jpg,bharatanatyam
470.jpg,odissi
374.jpg,kathakali
132.jpg,bharatanatyam
216.jpg,kathakali
95.jpg,kathakali
17.jpg,bharatanatyam
162.jpg,bharatanatyam
346.jpg,kathakali
439.jpg,kathakali
232.jpg,kathakali
150.jpg,bharatanatyam
401.jpg,kuchipudi
145.jpg,kathakali
23.jpg,kathakali
514.jpg,bharatanatyam
193.jpg,kathakali
416.jpg,bharatanatyam
447.jpg,kuchipudi
220.jpg,kathakali
505.jpg,kathakali
147.jpg,kuchipudi
210.jpg,kathakali
40.jpg,kathak
284.jpg,kathakali
55.jpg,bharatanatyam
378.jpg,bharatanatyam
520.jpg,kuchipudi
484.jpg,odissi
112.jpg,bharatanatyam
360.jpg,kathakali
317.jpg,bharatanatyam
71.jpg,kathakali
202.jpg,kathakali
92.jpg,kathakali
11.jpg,kathak
67.jpg,bharatanatyam
138.jpg,bharatanatyam
506.jpg,kathakali
146.jpg,bharatanatyam
318.jpg,kuchipudi
198.jpg,kathakali
375.jpg,odissi
41.jpg,kuchipudi
421.jpg,bharatanatyam
129.jpg,bharatanatyam
14.jpg,bharatanatyam
460.jpg,odissi
34.jpg,bharatanatyam
380.jpg,kuchipudi
238.jpg,kathakali
392.jpg,kathakali
80.jpg,kathakali
517.jpg,odissi
13.jpg,kathak
189.jpg,kathakali
390.jpg,bharatanatyam
487.jpg,odissi
438.jpg,kuchipudi
482.jpg,kathakali
206.jpg,kathakali
217.jpg,kathakali
285.jpg,bharatanatyam
385.jpg,kathakali
495.jpg,odissi
269.jpg,bharatanatyam
429.jpg,kuchipudi
291.jpg,bharatanatyam
461.jpg,odissi
256.jpg,mohiniyattam
48.jpg,kathak
290.jpg,mohiniyattam
437.jpg,bharatanatyam
498.jpg,bharatanatyam
173.jpg,bharatanatyam
280.jpg,kathakali
119.jpg,bharatanatyam
363.jpg,kathakali
97.jpg,manipuri
414.jpg,odissi
386.jpg,kathakali
424.jpg,kuchipudi
157.jpg,kathakali
33.jpg,kathak
354.jpg,kathakali
57.jpg,bharatanatyam
108.jpg,kathakali
239.jpg,kathakali
441.jpg,kuchipudi
215.jpg,kathakali
373.jpg,kuchipudi
292.jpg,mohiniyattam
110.jpg,kathakali
510.jpg,kuchipudi
275.jpg,mohiniyattam
366.jpg,bharatanatyam
226.jpg,kathakali
35.jpg,kuchipudi
458.jpg,kathakali
358.jpg,bharatanatyam
